"names","Mean","SD","SE"
"high arousal - positive",2.91866028708134,0.841007937172091,0.0581737354368106
"low arousal - positive",3.46411483253589,0.867820900275639,0.0600284268765938
"low arousal",2.62679425837321,0.820415769548672,0.0567493454180633
"low arousal - negative",2.32854864433812,0.870626106431655,0.060222467043818
"high arousal - negative",1.84370015948963,0.801989995198493,0.0554748079554681
"high arousal",2.22169059011164,0.800158579342781,0.0553481262717932
