"","df","n","chi","p"
"b_m1",8,209,29.2333403811087,0
"b_m2",8,209,24.6015417995463,0.002
"m1_m3",16,209,54.6566179896031,0
"m3_m4",1,209,0.00823273954256365,0.928
